ACTIVITY_ID,PAGINATION_TOKEN,PUBLISHED_DATE,AUTHOR_NAME,AUTHOR_URL,SUBDESCRIPTION,TITLE,TEXT,CHARACTER_COUNT,TAGS,TAGS_COUNT,EMOJIS,EMOJIS_COUNT,LINKS,LINKS_COUNT,PROFILE_MENTION,COMPANY_MENTION,CONTENT,CONTENT_TITLE,CONTENT_URL,CONTENT_ID,IMAGE_URL,POLL_ID,POLL_QUESTION,POLL_RESULTS,POST_URL,VIEWS,COMMENTS,LIKES,SHARES,ENGAGEMENT_SCORE,DATE_EXTRACT
f7096958534533140481,dXJuOmxpOmFjdGl2aXR5OjcwOTY5NTg1MzQ1MzMxNDA0ODEtMTY5MjA0Njc2OTcyNA==,2023-08-14 22:59:29+0200,JÃ©rÃ©my Ravenel,https://www.linkedin.com/in/ACoAAAJHE7sB5OxuKHuzguZ9L6lfDHqw--cdnJg,14h â€¢,Another Epic Week in Data & AI: From Westworld Dreams to Tech Marvels! ğŸŒ,"Another Epic Week in Data & AI: From Westworld Dreams to Tech Marvels! ğŸŒ

It's Monday again â€“ here are 5 things that caught my attention in the realm of Data & AI:

ğŸ¤– AI agents are taking center stage! The sandbox for autonomous agents is now open-source. Imagine the endless possibilities for teamwork and instant solutions across departments. I talked about it in my last post...it's giving me a lot of ideas for business applications and relates to the work we are doing with our 6 foundation engines.

ğŸ—£ï¸ Ever chatted with AI and felt like it's just nodding along? You're not alone! The lack of critical thinking is quite an issue. A study reveals how AI language models tend to agree with us, even when we're off track. 

ğŸ’¥ NVIDIAâ€™s wants to fix the GPU Crisis with its GH200 Grace Hopper superchip. Expect mind-bending power and scalability. They're teaming up with Hugging Face, too â€“ imagine the AI magic that's about to unfold!

ğŸš€ Stability AI is here to revolutionize your world, and is committed to make it open source. Three dynamic models are now set to change the coding game.

ğŸ” Zoom's privacy practices sound like a joke. What's the deal with data usage and privacy? 

Explore the full article and my humble personal take on these 5 picks here: https://lnkd.in/e6P7Ud2J

Thanks for reading and supporting this ğŸ’šğŸš€ #LeanData #Article #Data #AI",1341,#LeanData #Article #Data #AI,4,"ğŸŒ, ğŸ¤–, ğŸ—£ï¸, ğŸ’¥, ğŸš€, ğŸ”, ğŸ’š, ğŸš€",8,https://lnkd.in/e6P7Ud2J,1,,,Article,Top 5 News in Data & AI from the Past Week,https://leandata.substack.com/p/top-5-news-in-data-and-ai-from-the,,https://media.licdn.com/dms/image/sync/D4E27AQETmscolGARUQ/articleshare-shrink_800/0/1692045617953?e=1692705600&v=beta&t=PG4xXoJI_rdjkxQRlDT9zJn1F-vtSepzkbxo4WJ4G4Q,,,,https://www.linkedin.com/feed/update/urn:li:activity:7096958534533140481,1698,0,18,1,0.0106,2023-08-15 13:25:15
7096212212410630144,dXJuOmxpOmFjdGl2aXR5OjcwOTYyMTIyMTI0MTA2MzAxNDQtMTY5MTg2ODgzMjY1Mw==,2023-08-12 21:33:52+0200,JÃ©rÃ©my Ravenel,https://www.linkedin.com/in/ACoAAAJHE7sB5OxuKHuzguZ9L6lfDHqw--cdnJg,2d â€¢,This experiment about AI Agents living their lives and interacting with each other without knowing they are in a simulation is crazy interesting.,"This experiment about AI Agents living their lives and interacting with each other without knowing they are in a simulation is crazy interesting.

These computational software agents simulate human behaviors so authentically, they wake up, cook, work, create art, and even remember past events.

Key highlights of the paper that just came out about it: 
âœ¨ Integrated a large language model to record, reflect, and plan agent behavior.
âœ¨ Introduced an interactive environment inspired by The Sims. 
âœ¨ Observed agents autonomously create and participate in social events.
âœ¨ Found that observation, planning, and reflection are all crucial for authentic agent behavior.

When I see this Iâ€™m thinking about the kind of business applications we should build where agents from different departments of a company could talk to each other to adress issues pro-actively.

It sounds so logical to me that we need dedicated agents for specific domain expertise. 

I canâ€™t wait to start building those applications and see how much they will empower us! 

Link to the paper : https://lnkd.in/ed9FVRk4

#AI #Research #GenerativeAgents #HumanBehaviorSimulations",1129,#AI #Research #GenerativeAgents #HumanBehaviorSimulations,4,"âœ¨, âœ¨, âœ¨, âœ¨",4,https://lnkd.in/ed9FVRk4,1,,,Image,,,,https://media.licdn.com/dms/image/D4E22AQH2hvSXjLNjdg/feedshare-shrink_2048_1536/0/1691868831296?e=1695254400&v=beta&t=dMeKSLktVIUweY6dVlhQk9qVABJfCSuLnrWJyNSsPIQ,,,,https://www.linkedin.com/feed/update/urn:li:activity:7096212212410630144,2808,0,24,2,0.0085,2023-08-15 13:25:24
7095864594396532736,dXJuOmxpOmFjdGl2aXR5OjcwOTU4NjQ1OTQzOTY1MzI3MzYtMTY5MTc4NTk1NDA3NA==,2023-08-11 22:32:34+0200,JÃ©rÃ©my Ravenel,https://www.linkedin.com/in/ACoAAAJHE7sB5OxuKHuzguZ9L6lfDHqw--cdnJg,3d â€¢,"So many complex AI tech talks, so few simple demos of business use cases that you can actually implement out of the box in your organization ğŸ™„","So many complex AI tech talks, so few simple demos of business use cases that you can actually implement out of the box in your organization ğŸ™„

Thatâ€™s going to change soon. 

Next week, we are going to grant access to naas v2 to a first batch of alpha users and demonstrate how our 6 foundation engines already work for us and some of our customers:

ğŸ“² Content 
ğŸš€ Growth 
âš¡ï¸ Sales 
âš™ï¸ Operations 
ğŸ’° Finance
ğŸŒ OpenData

There is a use case for everyone. 

But only 100 seats lefts out of 200 openings. 

By being part of this very first batch, you will receive extra care from me and the naas.ai core team to implement them in your businesses, or for your clients if you are freelance or consulting company. 

Interested? Just fill the form and expect news from me soon!

#data #ai #llms #automation #analytics #business 


https://lnkd.in/eK5ssFny",823,#data #ai #llms #automation #analytics #business,6,"ğŸ™„, ğŸ“², ğŸš€, âš¡ï¸, âš™ï¸, ğŸ’°, ğŸŒ",7,https://lnkd.in/eK5ssFny,1,,naas-ai,Article,Naas v2 - Limited Alpha Request: Shaping the Future of the Universal Data Platform,https://docs.google.com/forms/u/1/d/e/1FAIpQLSe10kPVtmi7S96GN-01KUEGeYkyv-6AQcrBobrFJJuOV8xANQ/viewform,,https://media.licdn.com/dms/image/sync/D4E27AQHQsKV5c7nx7A/articleshare-shrink_800/0/1691786068759?e=1692705600&v=beta&t=6Dqaoov4jbBkr7rOaQs-rEM9cizQgoAmgSBabJtkj5c,,,,https://www.linkedin.com/feed/update/urn:li:activity:7095864594396532736,4265,10,32,3,0.0098,2023-08-15 13:25:33
7095465436552536064,dXJuOmxpOmFjdGl2aXR5OjcwOTU0NjU0MzY1NTI1MzYwNjQtMTY5MTY5MDc4NzQyNw==,2023-08-10 20:06:27+0200,JÃ©rÃ©my Ravenel,https://www.linkedin.com/in/ACoAAAJHE7sB5OxuKHuzguZ9L6lfDHqw--cdnJg,4d â€¢,"Organizations ready to adapt, invest in the right talent, and harness the power of cross-functional collaboration are the ones that will lead in the AI age. ","Organizations ready to adapt, invest in the right talent, and harness the power of cross-functional collaboration are the ones that will lead in the AI age. 

As highlighted in Vin Vashishtaâ€™s article â€œ4 Reasons AI Strategy Is Top Of Mind For CxOs That Technical ICs Need To Understand Tooâ€, the future belongs to businesses that can bridge the technical-business gap in AI. 

In this article, I want to summarize Vinâ€™s insights, and add my take.

Over the past years building naas.ai I was lucky to meet and serve exceptional leaders able to navigate both worlds. 

I learned a lot from them. 

They are the future. 
How are you developing your business and tech skills? 

I would love to learn more from you too!

Hope you will find this piece interesting: https://lnkd.in/eUdWs2z7

ğŸ¤™
#data #ai #strategy",788,#data #ai #strategy,3,ğŸ¤™,1,https://lnkd.in/eUdWs2z7,1,Vin Vashishta,naas-ai,Image,,,,https://media.licdn.com/dms/image/D4E22AQE3fQLVE1lXuQ/feedshare-shrink_2048_1536/0/1691690739125?e=1695254400&v=beta&t=CBlE3cU9t4AJit4EEKSnbESOoCFfyud-KN65q9e0EmY,,,,https://www.linkedin.com/feed/update/urn:li:activity:7095465436552536064,3846,8,22,1,0.0078,2023-08-15 13:25:42
7094755403544031233,dXJuOmxpOmFjdGl2aXR5OjcwOTQ3NTU0MDM1NDQwMzEyMzMtMTY5MTUyMTUwMjM2Nw==,2023-08-08 21:05:02+0200,JÃ©rÃ©my Ravenel,https://www.linkedin.com/in/ACoAAAJHE7sB5OxuKHuzguZ9L6lfDHqw--cdnJg,6d â€¢,"I'm not going to lie, I love spreadsheets and I think a smart combo with LLMs is the future. ","I'm not going to lie, I love spreadsheets and I think a smart combo with LLMs is the future. 

Despite the rise of models like ChatGPT, the trusty spreadsheet remains the CxOs favorite. Executives cherish them for the intuitive understanding they provide. ğŸ§ 

When I started my career in finance, I was the ""data modeling champion"" of my CFO. I could model financial problems overnight with the right dataset, so we could sit on it the day after and analyze what the best course of action should be. 

I never found this level of ""speed to insights"" since then. But I when deeper into my data modeling craft with Python to build more trustworthy datasets, and automate their retrieval.

While LLMs are revolutionary in generating human-like text, I believe that when it comes to data analysis and calculations, spreadsheets hold their ground, strong.

I envision a way to leverage both worlds and I'm sharing it today in this article: 
https://lnkd.in/ehiZ3ggP

I would love your feedback!

ğŸ’šğŸ™
----
ğŸ“¢ We're launching a ChatGPT-inspired interface in Naas v2: MyChatGPT. Want to be among the first to try? We are opening 100 seats very soon.",1121,,0,"ğŸ§ , ğŸ’š, ğŸ™, ğŸ“¢",4,https://lnkd.in/ehiZ3ggP,1,,,Article,Spreadsheets: Standing Strong in the Age of Large Language Models,https://leandata.substack.com/p/spreadsheets-standing-strong-in-the,,https://media.licdn.com/dms/image/sync/D4E27AQEwzMbB9de8Xw/articleshare-shrink_800/0/1691520831583?e=1692705600&v=beta&t=meGWssVQtJEMLlvzFNMoAhgkCDVvDTACGD70GGK8qSw,,,,https://www.linkedin.com/feed/update/urn:li:activity:7094755403544031233,2916,7,33,1,0.0137,2023-08-15 13:25:51
7094387586793648129,dXJuOmxpOmFjdGl2aXR5OjcwOTQzODc1ODY3OTM2NDgxMjktMTY5MTQzMzgwODAxNg==,2023-08-07 20:43:28+0200,JÃ©rÃ©my Ravenel,https://www.linkedin.com/in/ACoAAAJHE7sB5OxuKHuzguZ9L6lfDHqw--cdnJg,1w â€¢,"My top 5 essential updates from last week in the Data & AI space, and why they matter if you want to stay lean in your practice of data ğŸ™ğŸ‘‡","My top 5 essential updates from last week in the Data & AI space, and why they matter if you want to stay lean in your practice of data ğŸ™ğŸ‘‡

1ï¸âƒ£ Jupyter AI: AI-powered assistance for Jupyter Notebooks; I was praying for it, Project Jupyter did it ;) You can now let AI can explain code, fix errors, and generate code in notebooks from natural language prompts.

2ï¸âƒ£ Python is going to be even more powerful removing the Global Interpreter Lock (GIL). It is a game-changer for data processing and analysis. Unlock the full potential of multi-core CPUs, improving performance and aligning with lean data principles.

3ï¸âƒ£ Polars, the fast data frame library, secures $4 million seed funding. Congrats to the team! Its impressive speed, lightweight design, and ability to handle large datasets effectively were already amazing, I can't wait to see more.

4ï¸âƒ£ NASA and IBM openly release a Foundation Model for Earth observation data. This open-source geospatial AI model enables tracking land use changes, monitoring natural disasters, and predicting crop yields. I'm sure a lot of applications for the good of our planet can come out of it.

5ï¸âƒ£ Together.ai extends LLaMA-2 to a 32K context window, enhancing performance and enabling longer context tasks. This breakthrough supports lean data practices, maximizing efficiency and opening new possibilities that can compete with openAI GPTs.

I dive into the details while staying short in the last article 'The Lean Data Journal'; check out the link in the comments to access it.

Let us know your thoughts and suggestions to improve our content further
...and stay tuned for more lean data insights!ğŸ¶
#LeanData #DataScience #AI #Updates #LeanDataJournal #DataEnthusiasts",1701,#LeanData #DataScience #AI #Updates #LeanDataJournal #DataEnthusiasts,6,"ğŸ™, ğŸ‘‡, ğŸ¶",3,,0,,project-jupyter,Image,,,,https://media.licdn.com/dms/image/D4E22AQGY8zbN-11NOw/feedshare-shrink_2048_1536/0/1691433806508?e=1695254400&v=beta&t=5K13nxKP12CeuGejn5QuXV5aiFuI2blSENuY-PaYfN8,,,,https://www.linkedin.com/feed/update/urn:li:activity:7094387586793648129,2461,18,29,0,0.0191,2023-08-15 13:26:00
7093304021645434880,dXJuOmxpOmFjdGl2aXR5OjcwOTMzMDQwMjE2NDU0MzQ4ODAtMTY5MTE3NTQ2NTk1Nw==,2023-08-04 20:57:45+0200,JÃ©rÃ©my Ravenel,https://www.linkedin.com/in/ACoAAAJHE7sB5OxuKHuzguZ9L6lfDHqw--cdnJg,1w â€¢,"If you want to implement GenAI in your organization, you need to learn more about the Theory of Constraints. ","If you want to implement GenAI in your organization, you need to learn more about the Theory of Constraints. 

This powerful lean management paradigm helps identify and address the bottlenecks in your process, thus improving overall productivity. Here's how it works:

1. Identify: Find the current constraint (the part of the process that limits the rate at which the goal is achieved).
2. Exploit: Make quick improvements to the constraint's throughput using existing resources (i.e., maximize what you have).
3. Subordinate: Ensure all other activities in the process align with and truly support the constraint's needs.
4. Elevate: If the constraint still exists, consider further actions to eliminate it. Continue actions until the constraint has moved somewhere else. In some cases, capital investment may be required.
5. Repeat: The Five Focusing Steps is a continuous improvement cycle. Once a constraint is resolved, immediately address the next constraint. Never become complacent â€“ aggressively improve the current constraintâ€¦ and then move on to the next.

I talked about it a few weeks ago in a post but today in this article, I share a real-world encounter with the 'Last Mover' applied to the use of Generative AI.

Hope you like it! 
Have a nice weekend everyone ğŸ™ğŸ’š

#theoryofconstraints  #businessefficiency  #continuousimprovement  #generativeai #implementation ",1365,#theoryofconstraints #businessefficiency #continuousimprovement #generativeai #implementation,5,"ğŸ™, ğŸ’š",2,,0,,,Image,,,,https://media.licdn.com/dms/image/D4E22AQGnDAhRAfxPhw/feedshare-shrink_2048_1536/0/1691175464702?e=1695254400&v=beta&t=Esci71Dw165BRRzSUCCA8J0eIDvlPsQkSMDHwLZ5GRI,,,,https://www.linkedin.com/feed/update/urn:li:activity:7093304021645434880,1676,0,14,0,0.0084,2023-08-15 13:26:08
7093002862326149120,dXJuOmxpOmFjdGl2aXR5OjcwOTMwMDI4NjIzMjYxNDkxMjAtMTY5MTEwMzY2Mzk3OA==,2023-08-04 01:01:03+0200,JÃ©rÃ©my Ravenel,https://www.linkedin.com/in/ACoAAAJHE7sB5OxuKHuzguZ9L6lfDHqw--cdnJg,1w â€¢,AI-Driven Business Process Reengineering: Transforming the Future of Work,"AI-Driven Business Process Reengineering: Transforming the Future of Work

This is the name of the latest article of The Lean Data Journal on the transformative power of AI-driven Business Process Reengineering! 

Somil Gupta shared an HBR article about the subject today, and it instantly resonated with what we are doing with the naas.ai team these days.

That's why I wrote it. 

Did you know that in the 1990s, we witnessed the promise of radical changes in business process engineering through ERP implementation, but so many attempts fell short of expectations?  
Today, AI has the potential to redesign processes and workflows for good, truly BUT we need to stop talking about the technical details. 

In this article, I delve into the impact of AI on business process redesign and how it can revolutionize how we work. 
I'm thrilled to introduce you also to Naas Solutions, our comprehensive range of data products we call Foundation Engines connected to each other.

These blueprint data products can be personalized to fit your unique business needs.

ğŸš€ We are actively implementing these solutions for our own organization (we call this project: ""Drink Your Own Champagne ğŸ¾"") and a select group of clients. If you're eager to embark on this transformative journey, please contact me at jeremy@naas.ai.

#ai #businesstransformation #process #workflows #engineering #dataproducts #naas #futureofwork  

Article ğŸ‘‰ https://lnkd.in/guu_gSy3 ",1427,#ai #businesstransformation #process #workflows #engineering #dataproducts #naas #futureofwork,8,"ğŸš€, ğŸ¾, ğŸ‘‰",3,https://lnkd.in/guu_gSy3,1,Somil Gupta,naas-ai,Image,,,,https://media.licdn.com/dms/image/D5622AQHBMnwPyuIgWQ/feedshare-shrink_2048_1536/0/1691103662437?e=1695254400&v=beta&t=GkRQGNCW0rpPmotUOmQAOmcKJgRRZ-eHWSABJavZIxI,,,,https://www.linkedin.com/feed/update/urn:li:activity:7093002862326149120,1327,5,21,0,0.0196,2023-08-15 13:26:17
7092598635464425473,dXJuOmxpOmFjdGl2aXR5OjcwOTI1OTg2MzU0NjQ0MjU0NzMtMTY5MTAwNzI4ODc4OQ==,2023-08-02 22:14:48+0200,JÃ©rÃ©my Ravenel,https://www.linkedin.com/in/ACoAAAJHE7sB5OxuKHuzguZ9L6lfDHqw--cdnJg,1w â€¢,"As data professionals, we know the significance of time as a crucial resource. But how often do we truly master it? ","As data professionals, we know the significance of time as a crucial resource. But how often do we truly master it? 

Our team recently embarked on a journey exploring our own time management and its influence on our operational efficiency and strategic decision-making. 

We use the Clockify Chrome extension on top of GitHub Issues to track the time allocation for COO and CTO activities, so the first branch of the pipeline was quite accessible. Using our brand new Naas Search and the Naas Pipeline feature, we assembled a Clockify and a Google Sheets template available on Naas awesome-notebooks. We started analyzing our data in a few minutes using pivot tables.

But as a CEO jumping from calls to emails to even coding, I never take the time to log my time in Clockify. We had to adopt a different approach. So we took a Google Calendar template, created a Service Account on GGP (a bit tricky, but once done, you are all set for infinite API calls), filtered down my personal time blockers (time with my son, time to have lunch, time off) and from that got my clean dataset.

The result? 
A pretty neat data product tracking how we invest our time in our product development - Naas v2.

We've shared the details and our key learnings in our latest blog post. If you're keen to dive deeper and see how we transformed time from a constant challenge into a powerful asset, this read is for you!

Would love to get your feedback on this!
Thanks a lot for the support as we commit to build in public, step by step, this next version of naas.ai ğŸ™â°

Link to the article: https://lnkd.in/gzy5kfBG
#data #time #management #operations #ai #naas #jupyternotebook ",1644,#data #time #management #operations #ai #naas #jupyternotebook,7,"ğŸ™, â°",2,https://lnkd.in/gzy5kfBG,1,,naas-ai,Image,,,,https://media.licdn.com/dms/image/D5622AQFqUa9vUXndjg/feedshare-shrink_2048_1536/0/1691007286569?e=1695254400&v=beta&t=PT_Rtgu5YnXjPN3YP18Tf9X2R12IuEC5GdxvKCbnnMM,,,,https://www.linkedin.com/feed/update/urn:li:activity:7092598635464425473,2170,10,32,1,0.0194,2023-08-15 13:26:26
7092253882419933184,dXJuOmxpOmFjdGl2aXR5OjcwOTIyNTM4ODI0MTk5MzMxODQtMTY5MDkyNTA5MzI1NQ==,2023-08-01 23:24:53+0200,JÃ©rÃ©my Ravenel,https://www.linkedin.com/in/ACoAAAJHE7sB5OxuKHuzguZ9L6lfDHqw--cdnJg,1w â€¢,"ğŸ“¢ We picked 5 highlights in the World of Data, AI, and Tech from last week in this new article The Lean Data Journal. ","ğŸ“¢ We picked 5 highlights in the World of Data, AI, and Tech from last week in this new article The Lean Data Journal. 

Even though they are not as big as the revelations about the aliens we are hearing at the American Congress ğŸ‘½ğŸ¤¯, here they are:

1ï¸âƒ£ Stability AI released two new open-source Large Language Models, Stable Beluga 1 & 2, surpassing GPT-4 in certain areas and GPT-3 in most others. This marks a significant victory for the open-source movement. More on the Stability blog.

2ï¸âƒ£ Stability AI also launched SDXL 1.0, an open text-to-image model that competes with Midjourney. It can generate high-quality images in various artistic styles, including stunning photorealism. 

3ï¸âƒ£ OpenAI's Head of Trust and Safety, Dave Willner, stepped down to assume an advisory role. This move has raised questions about the future leadership and approach to addressing trust and safety concerns within the AI community. 

4ï¸âƒ£ Google's Co-Founder, Sergey Brin, returned to lead Project Gemini, an ambitious response to OpenAI's GPT-4. His return signals an exciting phase for Google, but will they catch up? 

5ï¸âƒ£ Elon Musk renamed Twitter as ""X."" The decision left many perplexed as the iconic bird logo and tweet culture vanished. ""X"" aims to be the ""everything app,"" offering limitless interactivity in audio, video, messaging, payments, and more. 

I believe last week was a pivotal moment in the World. If you like this kind of curated update, give it a ğŸ‘ and consider subscribing to our Substack if you are not already.
We need feedback so we can improve ğŸ™

PS: we are still looking fore more alpha tester on Naas v2, especially our MyChatGPT interface. If you are open to 15min ""user interview style"" meeting with me, let me know in the comment! 
#LeanData #Innovation #data #tech #AI",1772,#LeanData #Innovation #data #tech #AI,5,"ğŸ“¢, ğŸ‘½, ğŸ¤¯, ğŸ‘, ğŸ™",5,,0,,,Article,"5 Highlights From Last Week in the World of Data, AI, and Tech",https://leandata.substack.com/p/5-highlights-from-last-week-in-the,,https://media.licdn.com/dms/image/sync/D4E27AQE1phherTCOug/articleshare-shrink_800/0/1690924545086?e=1692705600&v=beta&t=PBvQ5AjPHpJQTTCV2fxi4K42AKnkRR0a6xfWVkp4RkQ,,,,https://www.linkedin.com/feed/update/urn:li:activity:7092253882419933184,2041,7,22,1,0.0142,2023-08-15 13:26:35
7091537005691461632,dXJuOmxpOmFjdGl2aXR5OjcwOTE1MzcwMDU2OTE0NjE2MzItMTY5MDc1NDE3NjUwOQ==,2023-07-30 23:56:16+0200,JÃ©rÃ©my Ravenel,https://www.linkedin.com/in/ACoAAAJHE7sB5OxuKHuzguZ9L6lfDHqw--cdnJg,2w â€¢,Midjourney is still the best AI for most types of image generation.,"Midjourney is still the best AI for most types of image generation. 

But SDXL the model from Stable Diffusion realized last week is definitely catching up. Check this article from The Research Nest to learn more. 

Iâ€™ve been exploring the latest AI news over the weekend. I will write more about it in the next article of The Lean Data Journal tomorrow. 

I think I will publish Â« almost dailyÂ Â» vs daily as I announced. Sometimes you just need time to digest.

Thatâ€™s part of being lean I guess ğŸ˜

#GenerativeAI #contentcreation #leandata",530,#GenerativeAI #contentcreation #leandata,3,ğŸ˜,1,,0,,the-research-nest,Article,Midjourney 5.2 vs. SDXL 1.0: A Comparison of Results,https://medium.com/the-research-nest/midjourney-5-2-vs-sdxl-1-0-a-comparison-of-results-3039f2586d17,,https://media.licdn.com/dms/image/sync/D4E27AQHd-D-P03o6lQ/articleshare-shrink_800/0/1691963600283?e=1692705600&v=beta&t=NMatPIBSKUwv4e0tsTqzJ07dRFxLbohtGnGTD6ljBWU,,,,https://www.linkedin.com/feed/update/urn:li:activity:7091537005691461632,5259,5,38,0,0.0082,2023-08-15 13:26:44
7091106032650698753,dXJuOmxpOmFjdGl2aXR5OjcwOTExMDYwMzI2NTA2OTg3NTMtMTY5MDY1MTQyNDUzNw==,2023-07-29 19:23:44+0200,JÃ©rÃ©my Ravenel,https://www.linkedin.com/in/ACoAAAJHE7sB5OxuKHuzguZ9L6lfDHqw--cdnJg,2w â€¢,"A new philosophy should emerge in data: the Lean Data Culture. Drawing profound inspiration from with the yogic principles of tranquility, efficiency, minimalism, and value creation. ","A new philosophy should emerge in data: the Lean Data Culture. Drawing profound inspiration from with the yogic principles of tranquility, efficiency, minimalism, and value creation. 

Today I explored its benefits for both organizations and individuals in the second article of The Lean Data Journal. 

Does it resonates with you? Happy to discuss about it in the comments.
Thanks for your support ğŸ’šğŸ™
#data #culture #lean
https://lnkd.in/eW_6yGAR ",441,#data #culture #lean,3,"ğŸ’š, ğŸ™",2,https://lnkd.in/eW_6yGAR,1,,,Image,,,,https://media.licdn.com/dms/image/D4E22AQHiL01T4ae4LQ/feedshare-shrink_2048_1536/0/1690651423159?e=1695254400&v=beta&t=tX3bavZ_8yEHzT5lAhzW7begDzh2De5XzK2ibxp8G5M,,,,https://www.linkedin.com/feed/update/urn:li:activity:7091106032650698753,2542,3,18,0,0.0083,2023-08-15 13:26:52
7090750081909317632,dXJuOmxpOmFjdGl2aXR5OjcwOTA3NTAwODE5MDkzMTc2MzItMTY5MDU2NjU1OTI3Mw==,2023-07-28 19:49:19+0200,JÃ©rÃ©my Ravenel,https://www.linkedin.com/in/ACoAAAJHE7sB5OxuKHuzguZ9L6lfDHqw--cdnJg,2w â€¢,ğŸš€ Exciting news! The first edition of 'The Lean Data Journal' is now available!,"ğŸš€ Exciting news! The first edition of 'The Lean Data Journal' is now available!

As I was mentioning in a post earlier this week, we are launching this newsletter on the back of a significant milestone: the transition from Naas.ai v1 to the v2 alpha version. 

As part of this evolution, we have rebranded the historical Naas app to Naas Lab. It was amazing to build v1 on top of Jupyter Lab, we have incorporated features that automate workflow with notebooks, empowering data producers with access to a scheduler, pipelines, asset-sharing capabilities, notifications, webhooks on top of notebooks. 

â†’ We are now actively working behind the scenes to make all naas services accessible through a single API Gateway to This ensures that our features are seamlessly available outside and inside the Naas ecosystem.

But we always wanted to go further and bridge the gap with data consumers. 

So we added a Google-like search feature on top of our extensive catalog of Notebook templates and MyChatGPT, a ChatGPT-like interface to distribute and interact with data & AI products. 

â†’ This is our commitment to creating an open alternative to the plugins store being developed by OpenAI.

If you want to follow what we do in more details, start reading the 'The Lean Data Journal'. It is the only place I will use to share product updates and thoughts about this crazy data & AI market. 

Your support mean a lot, I hope you will subscribe :) 
PS: if you already had an account on Naas v1, the article is already in your mailbox. Please feel free to unsubscribe, I don't want to spam you ğŸ™
#Data #AI #LeanDataJournal #Newsletter #DataPlatform #NaasLab #NaasSearch #MyChatGPT
https://lnkd.in/eqpGg4B4",1678,#Data #AI #LeanDataJournal #Newsletter #DataPlatform #NaasLab #NaasSearch #MyChatGPT,8,"ğŸš€, ğŸ™",2,https://lnkd.in/eqpGg4B4,1,,,Article,The Inception of 'The Lean Data Journal',https://leandata.substack.com/p/the-inception-of-the-lean-data-journal,,https://media.licdn.com/dms/image/sync/D4E27AQHwZfE5tsPiXg/articleshare-shrink_800/0/1691774457762?e=1692705600&v=beta&t=ogZF1pBy0krmpN7MyYoqTNlWzs9cPHosPsk0psBQLSI,,,,https://www.linkedin.com/feed/update/urn:li:activity:7090750081909317632,1831,6,26,0,0.0175,2023-08-15 13:27:02
7090398269427605504,dXJuOmxpOmFjdGl2aXR5OjcwOTAzOTgyNjk0Mjc2MDU1MDQtMTY5MDQ4MjY4MDYzNg==,2023-07-27 20:31:20+0200,JÃ©rÃ©my Ravenel,https://www.linkedin.com/in/ACoAAAJHE7sB5OxuKHuzguZ9L6lfDHqw--cdnJg,2w â€¢,It's always a WOW moment when folks from the big leagues are signing up to Naas ğŸ˜…,"It's always a WOW moment when folks from the big leagues are signing up to Naas ğŸ˜…

This - and the amazing community call we did today about how to contribute to Naas v2 - made my day. 

Hope you had a wonderful day as well. 
Cheers ğŸ¥‚

PS: you can apply to v2 limited alpha here â†’ https://bit.ly/3CFSumN
#naas #openai #dataplatform #ai #mychatgpt #search #templates #dataproducts 
",371,#naas #openai #dataplatform #ai #mychatgpt #search #templates #dataproducts,8,"ğŸ˜…, ğŸ¥‚",2,,0,,,Image,,,,https://media.licdn.com/dms/image/D4E22AQGiBy33j96wog/feedshare-shrink_2048_1536/0/1690482679346?e=1695254400&v=beta&t=Xxsz3Q5uTycr5A8tFD2TW2wHtKbiEsmVVKfRJqQmezs,,,,https://www.linkedin.com/feed/update/urn:li:activity:7090398269427605504,1817,8,33,1,0.0226,2023-08-15 13:27:10
7090044262632804353,dXJuOmxpOmFjdGl2aXR5OjcwOTAwNDQyNjI2MzI4MDQzNTMtMTY5MDM5ODI3ODgzOA==,2023-07-26 21:04:38+0200,JÃ©rÃ©my Ravenel,https://www.linkedin.com/in/ACoAAAJHE7sB5OxuKHuzguZ9L6lfDHqw--cdnJg,2w â€¢,"ğŸ‰ I created a Substack... 6 months ago ğŸ˜©. Never used it. Now I feel it's time. I have too much things to say, and daily LinkedIn posts are not even scratching the surface. ","ğŸ‰ I created a Substack... 6 months ago ğŸ˜©. Never used it. Now I feel it's time. I have too much things to say, and daily LinkedIn posts are not even scratching the surface. 

Tomorrow I will officially launch this newsletter after the âš¡ï¸Naas Community Call, but you can still subscribe today ğŸ’šğŸ™

I called this newsletter 'The Lean Data Journal' because it's about providing an intimate look into our journey towards becoming the world's leanest data platform.

'The Lean Data Journal' isn't just about product updates. It's a place where we will share our progress, unveil new idea & features of Naas v2, and dive into the dynamic trends shaping the data & AI market. ğŸ“ˆğŸ“Š 

I hope you can join us over there as we navigate the sea of opportunities in data & AI product development. Let's chat, learn, and grow together in this revolution!

Subscribe today, it's free â†’ https://lnkd.in/e3uSpEuk

Thanks for the support ğŸ‘ğŸ’¬ğŸ’š
#naasAI #data #ai  #LeanDataJournal #DataProductDevelopment. ",968,#naasAI #data #ai #LeanDataJournal #DataProductDevelopment,5,"ğŸ‰, ğŸ˜©, âš¡ï¸, ğŸ’š, ğŸ™, ğŸ“ˆ, ğŸ“Š, ğŸ‘, ğŸ’¬, ğŸ’š",10,https://lnkd.in/e3uSpEuk,1,,,Image,,,,https://media.licdn.com/dms/image/D4E22AQGkAe7n4sjAJQ/feedshare-shrink_2048_1536/0/1690398275841?e=1695254400&v=beta&t=KJitUOW5VjcUEziOZGHebCINIFHzQOdiwXhGEZqruLU,,,,https://www.linkedin.com/feed/update/urn:li:activity:7090044262632804353,1461,13,28,2,0.0281,2023-08-15 13:27:19
7089678304395321344,dXJuOmxpOmFjdGl2aXR5OjcwODk2NzgzMDQzOTUzMjEzNDQtMTY5MDMxMTAyNzYwNA==,2023-07-25 20:50:27+0200,JÃ©rÃ©my Ravenel,https://www.linkedin.com/in/ACoAAAJHE7sB5OxuKHuzguZ9L6lfDHqw--cdnJg,2w â€¢,Want to play with AI Assistants you can easily customize to your needs? Check this out ğŸ‘‡ğŸ¥,"Want to play with AI Assistants you can easily customize to your needs? Check this out ğŸ‘‡ğŸ¥

In this 3min+ video, I guide you through the basic usage of the Naas platform. We designed this basic usage track in such way that personal or professional users can benefit from it. 

In the video, I demonstrate how to use the platform's features: Naas Search to find the plugin, Lab to customize it and MyChatGPT to consume it. 

These aren't just any plugins - they're templates that utilize GPT-4 language model to tackle specific challenges for different roles.

You'll see how these plugins can be opened either in the chat interface for immediate use or in the Naas platform's development environment for further customization. This allows you to tailor the plugins to your specific needs and preferences.

This use case can serve as a good starting point for implementing AI in an organization. It shows how to create personalized AI assistants for any member of your teams, and get better results than questions & answers from the ""raw"" ChatGPT.

If you're interested in this or have any ideas you'd like to implement, don't hesitate to reach out. We're here to help!
Tomorrow I will share the ""Intermediate usage"" track. Stay tuned.

Check out the video and let me know your thoughts. See you! ğŸš€
#chat #ai #data #personas #chatgpt #llms #naas",1327,#chat #ai #data #personas #chatgpt #llms #naas,7,"ğŸ‘‡, ğŸ¥, ğŸš€",3,,0,,,Video (external),Naas v2 - Basic Usage Track - 25 July 2023,https://www.loom.com/share/002bbbe465fc47ffaa29352dac548474?sid=ea984ccb-2010-426a-8296-14ad81e7c9f1,,https://media.licdn.com/dms/image/sync/D4E27AQFW6lbKfvkN8A/articleshare-shrink_800/0/1691522184226?e=1692705600&v=beta&t=Nl29qckhXWwdTPwbJJKhviuUGQWpBGyPwdFxHt2Oduo,,,,https://www.linkedin.com/feed/update/urn:li:activity:7089678304395321344,3472,21,38,4,0.017,2023-08-15 13:27:28
7089300798962028544,dXJuOmxpOmFjdGl2aXR5OjcwODkzMDA3OTg5NjIwMjg1NDQtMTY5MDIyMTAyMzI5Mg==,2023-07-24 19:50:23+0200,JÃ©rÃ©my Ravenel,https://www.linkedin.com/in/ACoAAAJHE7sB5OxuKHuzguZ9L6lfDHqw--cdnJg,3w â€¢,"Today, I had a chat with my latest LinkedIn posts!","Today, I had a chat with my latest LinkedIn posts!

Iâ€™m excited to share that Iâ€™ve started this video documenting journey about Naas v2 as I told you yesterday. 
In this new version of the platform, we have added 2 new modules: a Google-like search and a ChatGPT-like interface (we call it â€œMyChatGPTâ€)

The goal? To bridge the gap between our Python-based scripts inside notebooks and an AI-powered chat interface.

If you are interested in learning more, check out the full video with the link in the comment (maybe on x1.5 because itâ€™s a bit slow). It is a raw, one shot take, about my review of this new type of â€œpluginsâ€ templates that enables you to chat with an social media AI assistant social about LinkedIn profile post.

It fetches your latest posts and presents an extended data frame with various data points and creates an JSON asset URL. 
You can then copy the link and paste it into MyChatGPT by doing /use [URL of the JSON] in the chat input bar...
...and start a conversation!

Itâ€™s been quite a journey adding layers to this template, and Iâ€™m thrilled to see it taking shape.But the journey doesnâ€™t stop here. Weâ€™re generating a JSON file at the end of the process. This opens up new possibilities for data analysis and visualization.

Iâ€™m looking forward to more people testing this. Itâ€™s a work in progress and Iâ€™m learning a lot from this experience. As always, Iâ€™m eager to hear your thoughts. Have you used AI for social media analysis? What has been your experience? Letâ€™s discuss! 

PS: if you had a Naas account before v2, you can already play with it. If you donâ€™t, let me know in the comment, we are slowing onboarding users on our limited alpha version.
#ai #linkedinÂ #chatgptÂ #datascience #plugins #naasai",1718,#ai #linkedin #chatgpt #datascience #plugins #naasai,6,,0,,0,,,Image,,,,https://media.licdn.com/dms/image/D4E22AQFkeZFaPQUzGQ/feedshare-shrink_2048_1536/0/1690221018712?e=1695254400&v=beta&t=G6vEq7yk8mhGQKF-nlLKoRAGYd4TKW9dD7uAwtxe5rY,,,,https://www.linkedin.com/feed/update/urn:li:activity:7089300798962028544,3629,23,46,1,0.019,2023-08-15 13:27:37
7088973196258852864,dXJuOmxpOmFjdGl2aXR5OjcwODg5NzMxOTYyNTg4NTI4NjQtMTY5MDE0MjkxNjcyNQ==,2023-07-23 22:08:36+0200,JÃ©rÃ©my Ravenel,https://www.linkedin.com/in/ACoAAAJHE7sB5OxuKHuzguZ9L6lfDHqw--cdnJg,3w â€¢,"Docs are hard to digest for most people. But when you want to deep dive into a product, you have no choice but to read the users manual. ","Docs are hard to digest for most people. But when you want to deep dive into a product, you have no choice but to read the users manual. 

Tomorrow, I will start working on documenting Naas v2 with videos and then use the transcript to create the text.

I already have the key points figured out but I want to experiment letting go with a free flow of talking in the video. Letâ€™s see!

By the way, Iâ€™m thinking about this stack: Loom + Loom Transcirpt + GPT4
Any suggestions welcome.

Cheers ğŸ¤™
#docs #buildinpublic",504,#docs #buildinpublic,2,ğŸ¤™,1,,0,,,Video (native),,,urn:li:digitalmediaAsset:D4E05AQHb2AxRGnzh9Q,,,,,https://www.linkedin.com/feed/update/urn:li:activity:7088973196258852864,508,5,24,1,0.0571,2023-08-15 13:27:45
7088236213941190656,dXJuOmxpOmFjdGl2aXR5OjcwODgyMzYyMTM5NDExOTA2NTYtMTY4OTk2NzIwNjQ0Ng==,2023-07-21 21:20:06+0200,JÃ©rÃ©my Ravenel,https://www.linkedin.com/in/ACoAAAJHE7sB5OxuKHuzguZ9L6lfDHqw--cdnJg,3w â€¢,"ğŸš€ Great news! Migration from naas.ai  v1 to v2 alpha is ""almost"" complete! ğŸ‰ ","ğŸš€ Great news! Migration from naas.ai  v1 to v2 alpha is ""almost"" complete! ğŸ‰ 

Our historical users can already access it. 

Migrations can be tough due to complex systems, data compatibility, and ensuring a smooth user experience. But, we're dedicated to making it seamless. 

Thanks for your patience and support! ğŸ™ #naasAI #migration #productupdate",345,#naasAI #migration #productupdate,3,"ğŸš€, ğŸ‰, ğŸ™",3,,0,,naas-ai,Image,,,,https://media.licdn.com/dms/image/D4E22AQFRsn3OOhf9eg/feedshare-shrink_2048_1536/0/1689967205618?e=1695254400&v=beta&t=gFvg_GpO0ppOM6TxxS-a8i3dPWW-7vAZDE_ZapY_LNg,,,,https://www.linkedin.com/feed/update/urn:li:activity:7088236213941190656,1727,4,35,3,0.0226,2023-08-15 13:27:54
7087915099998277633,dXJuOmxpOmFjdGl2aXR5OjcwODc5MTUwOTk5OTgyNzc2MzMtMTY4OTg5MDY0NjkxNg==,2023-07-21 00:04:06+0200,JÃ©rÃ©my Ravenel,https://www.linkedin.com/in/ACoAAAJHE7sB5OxuKHuzguZ9L6lfDHqw--cdnJg,3w â€¢,It's truly remarkable how far we've come in the world of language models!,"It's truly remarkable how far we've come in the world of language models!

Today, I want to take a moment to appreciate the incredible journey we've embarked upon and celebrate the wonder that is Large Language Models (LLMs). 

These binary files are completely transforming the way we interact with machines, the way we approach language, information, and it's truly incredible to witness their impact.

It helped many people around many being more confident when it comes to writing. This tech is truly transformative!

One of the most mind blowing aspect of it is how important the open-source ecosystem is getting. The fact that we can freely access and contribute to these projects is extraordinary. (Big up to Hugging Face ğŸ¤—)

Open sourcing LLMs is creating a culture of collaboration that gives me hope for the future.

I don't want to live in a world where AI is only in the hands big corps. 
Anyone should have its own ChatGPT. 

Let's celebrate the magic of LLMs and be grateful about the power of open source!
#LLMs #OpenSource #LanguageModels #Innovation #Collaboration #DigitalTransformation",1088,#LLMs #OpenSource #LanguageModels #Innovation #Collaboration #DigitalTransformation,6,ğŸ¤—,1,,0,,huggingface,Image,,,,https://media.licdn.com/dms/image/D4E22AQGX6RI_Qz51jA/feedshare-shrink_2048_1536/0/1689890646030?e=1695254400&v=beta&t=Hr_dCxuih8nMVu92_7g4cp9rYblLfCkZLABdTfwoz-Q,,,,https://www.linkedin.com/feed/update/urn:li:activity:7087915099998277633,2420,6,24,1,0.0124,2023-08-15 13:28:03
7087552689009537024,dXJuOmxpOmFjdGl2aXR5OjcwODc1NTI2ODkwMDk1MzcwMjQtMTY4OTgwNDI0MTQwMQ==,2023-07-20 00:04:01+0200,JÃ©rÃ©my Ravenel,https://www.linkedin.com/in/ACoAAAJHE7sB5OxuKHuzguZ9L6lfDHqw--cdnJg,3w â€¢,"ğŸš¨Important observations on GPT-4's performance!ğŸ“‰ With reports indicating a performance decline in GPT-4, it's time to look for alternatives.","ğŸš¨Important observations on GPT-4's performance!ğŸ“‰ With reports indicating a performance decline in GPT-4, it's time to look for alternatives.

I learned this from a post by Santiago Valdarrama, you must follow him to stay up to date, I'm a big fan of his content.

The GPT-4 version from June proved to be much less effective in tasks compared to the one from March. 

Speculations point towards continuous updates and the use of smaller, cost-effective models by OpenAI as potential causes.

Such inconsistencies pose serious concerns for those relying on GPT-4. 

But this could be our call to action! I'm keeping an eye on open-source prospects like Llama V2 (I posted about it yesteday, and started playing with it tonight on my local machine). 

Llama V2 and other open source models will offer us more control and transparency, ensuring we aren't just victim but active participants in shaping AI's future. 

â†’ Owning our tech destiny sounds better than being at its mercy, doesn't it?

Study: https://lnkd.in/eejztqnA
Reproduce the results: https://lnkd.in/e3dgT2Z5

What are your thoughts on GPT-4's reported performance? Are open-source alternatives like Llama V2 the way forward? Let's chat below! ğŸ‘‡
#GPT4 #OpenAI #AI #NLP #MachineLearning #OpenSource #LlamaV2",1249,#GPT4 #OpenAI #AI #NLP #MachineLearning #OpenSource #LlamaV2,7,"ğŸš¨, ğŸ“‰, ğŸ‘‡",3,"https://lnkd.in/eejztqnA, https://lnkd.in/e3dgT2Z5",2,Santiago Valdarrama,[],Image,,,,https://media.licdn.com/dms/image/D5622AQHahc8NZY0J_Q/feedshare-shrink_2048_1536/0/1689804239743?e=1695254400&v=beta&t=ZeBmZQncelV_oIYQ2idSn45_qPHkj1utB4Yk4XngbhE,,,,https://www.linkedin.com/feed/update/urn:li:activity:7087552689009537024,2800,6,24,2,0.0107,2023-08-15 13:28:12
7087171756603383810,dXJuOmxpOmFjdGl2aXR5OjcwODcxNzE3NTY2MDMzODM4MTAtMTY4OTcxMzQyMDAzOQ==,2023-07-18 22:50:20+0200,JÃ©rÃ©my Ravenel,https://www.linkedin.com/in/ACoAAAJHE7sB5OxuKHuzguZ9L6lfDHqw--cdnJg,3w â€¢,Who would have thought that Facebook/Meta would play the good guys in AI with their open-source models?,"Who would have thought that Facebook/Meta would play the good guys in AI with their open-source models?

They just released Llama-v2, with gold nuggets in the paper! The part that caught my attention was ""Dataset Contamination"" in AI Model Training.

First time I'm seeing this level of transparency, and I think it's a very good thing for unlocking business adoption.

It's like having questions in a final exam already given in the study materials.
The data used for model training overlaps with evaluation data, potentially creating an artificial boost in performance.

But at least, now, you know it.

They've categorized data samples into 'clean', 'not clean', 'not dirty', and 'dirty' for the community to understand the impact of contamination on model performance.

Only certain datasets appear to benefit from contamination, with larger models showing more advantages than smaller ones. But it's exciting to seeÂ Meta AIÂ strive to share more about accurate and fair models! ğŸš€

Well done Zuck! Putting your firepower on open source is a bold move.
Congrats to the team
#AIÂ #MachineLearningÂ #datascienceÂ #openAIÂ #modeltrainingÂ #DatasetContamination",1137,#AI #MachineLearning #datascience #openAI #modeltraining #DatasetContamination,6,ğŸš€,1,,0,,,Image,,,,https://media.licdn.com/dms/image/D4E22AQHVeNbTv8M7qA/feedshare-shrink_2048_1536/0/1689713419605?e=1695254400&v=beta&t=TkBvu2HHGXJpQb0Uwf9Bu1OzlzWKsgQJ1BVZRwEJaeU,,,,https://www.linkedin.com/feed/update/urn:li:activity:7087171756603383810,6170,6,36,0,0.0068,2023-08-15 13:28:21
7086808917946556416,dXJuOmxpOmFjdGl2aXR5OjcwODY4MDg5MTc5NDY1NTY0MTYtMTY4OTYyNjkxMjU2NA==,2023-07-17 22:48:32+0200,JÃ©rÃ©my Ravenel,https://www.linkedin.com/in/ACoAAAJHE7sB5OxuKHuzguZ9L6lfDHqw--cdnJg,1mo â€¢,"Wish us luck! This week, we are going to move our current user base to the alpha version of Naas v2.ğŸ’š ğŸ“¦","Wish us luck! This week, we are going to move our current user base to the alpha version of Naas v2.ğŸ’š ğŸ“¦

Here are 3 things on my mind about it:

1/ It's not going to be all about Jupyter Notebooks anymore. We built our case around the fact that Naas notebooks templates are powerful building blocks for data & AI products. The catalog of templates we are building with the community is the foundation, not not the destination.

2/ It's not going to be all about generative AI either. It's about mapping the workflows of teams and organizations that want to make a difference with AI. We are putting together a platform that combines Google-like Search and ChatGPT-like interface, to build data & AI products more intuitively.

3/ It is all going to be about how to build LEAN data & AI experiences. Getting back to the core problems organizations have when it comes to creating awareness (content creation), transforming it into interactions (growth marketing), generating business opportunities (sales conversion), creating a source of truth (operations efficiency), materializing efforts into $$$ (finance management) and understanding better the world around us (open data intelligence)!

This new version ofÂ naas.aiÂ is about making data & AI accessible to users with varying technical backgrounds. 

It's about building the universal data & AI platform ğŸŒğŸš€

If you are curious about what we are cooking up...let me know in the comment. I can share the link to apply to our limited alpha when it comes out in a few days.

Thanks a lot for the support ğŸ‘ğŸ’¬
Spread the word and the open source love ğŸ’š

PS: this image below is the flow we are obsessed with for Naas v2, does that resonates with you?
#dataÂ #aiÂ #workflowsÂ #experiencesÂ #naasÂ #newversionÂ #100dayschallengeÂ #datascienceÂ #automation",1771,#data #ai #workflows #experiences #naas #newversion #100dayschallenge #datascience #automation,9,"ğŸ’š, ğŸ“¦, ğŸŒ, ğŸš€, ğŸ‘, ğŸ’¬, ğŸ’š",7,,0,,,Image,,,,https://media.licdn.com/dms/image/D4E22AQFM18Jn6RcOdA/feedshare-shrink_2048_1536/0/1689626914227?e=1695254400&v=beta&t=wGXQQV03u30b4MqYsm7s3Vri_8D4iJQQVQSH1X2WmW4,,,,https://www.linkedin.com/feed/update/urn:li:activity:7086808917946556416,12753,31,88,10,0.0093,2023-08-15 13:28:29
7086358823002624000,dXJuOmxpOmFjdGl2aXR5OjcwODYzNTg4MjMwMDI2MjQwMDAtMTY4OTUxOTYwMTU3MQ==,2023-07-16 17:00:01+0200,JÃ©rÃ©my Ravenel,https://www.linkedin.com/in/ACoAAAJHE7sB5OxuKHuzguZ9L6lfDHqw--cdnJg,1mo â€¢,Do you want to be part of the 0.5% who understand how our virtual world works (aka programmer)? Start with the basics!,"Do you want to be part of the 0.5% who understand how our virtual world works (aka programmer)? Start with the basics!

If I were to rewind time and embark on my programming journey again, I wouldn't leap straight into SQL or Python as everybody says. Instead, I would ground myself in the basics: HTML, CSS, and JavaScript. Why? It's simple. Communication is key.

In the world of data, I see so many people who don't have a basic understanding of how to build a simple website. I can understand why.

We are often so engrossed in how to get the data, that we forget the why, and the importance of presenting our insights in a digestible form.

Mastering HTML, CSS, and JavaScript gives you the ability to create interactive, engaging, and user-friendly interfaces for data presentation. It bridges the gap between data professionals and those who need our insights.

So, to all the aspiring programmers and data enthusiasts out there, remember: before you dive into the depths of advanced programming, don't overlook the power of the basics. They might just be the secret ingredient to enhancing your data communication skills. ğŸ’¡

TLDR:
Be lean in your learnings. Focus on efficiency, no waste, and value-adding activities.

PS: If you want a quick start, ask chatGPT to build a website for you, and try to understand the code. I think it's a good way to get started.
#programmingÂ #basicsÂ #dataÂ #HTMLÂ #CSSÂ #backtobasicsÂ #startwithwhy",1419,#programming #basics #data #HTML #CSS #backtobasics #startwithwhy,7,ğŸ’¡,1,,0,,,Image,,,,https://media.licdn.com/dms/image/D4E22AQHiaIIQJjs_Cg/feedshare-shrink_2048_1536/0/1689432200784?e=1695254400&v=beta&t=OnE_q9zZwuDYP6yvhAioEuyvuys5fiQaZT7Xr49ZY5s,,,,https://www.linkedin.com/feed/update/urn:li:activity:7086358823002624000,35015,12,65,4,0.0022,2023-08-15 13:28:38
7085981080633110528,dXJuOmxpOmFjdGl2aXR5OjcwODU5ODEwODA2MzMxMTA1MjgtMTY4OTQyOTU0MDc2Mg==,2023-07-15 15:59:00+0200,JÃ©rÃ©my Ravenel,https://www.linkedin.com/in/ACoAAAJHE7sB5OxuKHuzguZ9L6lfDHqw--cdnJg,1mo â€¢,You can only move as fast as the last mover in your company.,"You can only move as fast as the last mover in your company. 

This principle, often referred to as the ""theory of constraints,"" is a key concept in business operations. It emphasizes the importance of identifying and addressing the slowest part of any process, as it ultimately determines the overall speed and efficiency of the entire operation. 

In a company, the 'last mover' can be any department, team, or individual that is lagging behind, causing delays or inefficiencies. It could be due to lack of resources, outdated technology, or inefficient processes. But no matter how efficient the other parts of the company are, the overall speed is limited by this 'last mover.'

â†’ If you want to implement generative AI in your company. You will face this issue. Many people are not ready and scared about it.

Does that resonates with you? 
Happy to chat about it, and curious to know how you think organisation can address that 'last mover' challenge in innovative ways.
#business #ai #efficiency #lastmover #aichallenges ",1018,#business #ai #efficiency #lastmover #aichallenges,5,,0,,0,,,Image,,,,https://media.licdn.com/dms/image/D4E22AQHpKBWZ0s7xVA/feedshare-shrink_2048_1536/0/1689429539305?e=1695254400&v=beta&t=t-yX4HwM-PiBEPeCtt4MbgYaqaruajsC3bcXs1V6-1k,,,,https://www.linkedin.com/feed/update/urn:li:activity:7085981080633110528,6052,16,32,2,0.0079,2023-08-15 13:28:47
7085347197956841472,dXJuOmxpOmFjdGl2aXR5OjcwODUzNDcxOTc5NTY4NDE0NzItMTY4OTI3ODQxMTM1Nw==,2023-07-13 22:00:11+0200,JÃ©rÃ©my Ravenel,https://www.linkedin.com/in/ACoAAAJHE7sB5OxuKHuzguZ9L6lfDHqw--cdnJg,1mo â€¢,I finally tried the OpenAI code interpreter today to cluster my contacts using Job Title and Geolocation. But I did not manage to get anything out of it ğŸ˜©âŒ,"I finally tried the OpenAI code interpreter today to cluster my contacts using Job Title and Geolocation. But I did not manage to get anything out of it ğŸ˜©âŒ

OK, that's ""my fault"", I asked for a bubble chart to output the clusters but given that the data was without a clear numerical third dimension, creating a meaningful bubble chart proved to be a complex task.

Then I asked for a scatter plot, and while the messages were saying there was a chart on the screen, nothing was there.

A few minutes later, this error message appeared and I could not trust the process anymore.

This failure is a reminder that data visualization is as much an art as it is a science. It requires creativity, flexibility, and a deep understanding of both the data at hand and the tools available.
#datavisualization #datascience #challenges #openai #learningexperience ",844,#datavisualization #datascience #challenges #openai #learningexperience,5,"ğŸ˜©, âŒ",2,,0,,,Image,,,,https://media.licdn.com/dms/image/D4E22AQEmnIQ3SlrnhQ/feedshare-shrink_2048_1536/0/1689278409932?e=1695254400&v=beta&t=OiDRymd5GMyml1pQYrKZYm7s5Mnku15-NdUcV5ZKIDE,,,,https://www.linkedin.com/feed/update/urn:li:activity:7085347197956841472,1384,1,13,0,0.0101,2023-08-15 13:28:56
7084995311349198848,dXJuOmxpOmFjdGl2aXR5OjcwODQ5OTUzMTEzNDkxOTg4NDgtMTY4OTE5NDUxNTA0Mw==,2023-07-12 22:41:55+0200,JÃ©rÃ©my Ravenel,https://www.linkedin.com/in/ACoAAAJHE7sB5OxuKHuzguZ9L6lfDHqw--cdnJg,1mo â€¢,ğŸ”¥ğŸ’¦ What are the main AI technical challenges? And how Liquid Networks can help?,"ğŸ”¥ğŸ’¦ What are the main AI technical challenges? And how Liquid Networks can help?

Today, I watched a video by Daniela Rus from MIT and I got super interested about her presentation about Liquid Networks and how this new approach can overcome current AI technical challenges.

Main challenges today: 
ğŸ”¥Data Quality and Quantity: AI systems require large volumes of high-quality data for training. However, acquiring such data can be difficult, expensive, and time-consuming.
ğŸ”¥Computational and Environmental Costs: AI models, especially deep learning models, are computationally intensive. They require powerful hardware and consume significant energy, which raises environmental concerns.
ğŸ”¥Black Box Systems: AI systems are often seen as ""black boxes"" because their internal workings are not easily understandable by humans. This lack of transparency can lead to trust issues and makes it hard to identify and correct errors.
..let's not develop Trust and Reasoning :) 

Liquid Networks seems to address these challenges head-on:

ğŸ’¦ They understand tasks better, thanks to their artificial neurons that provide clean and focused attention maps. ğŸ¯
ğŸ’¦ They make AI transparent by transforming the output of neurons into a decision tree, showing us how decisions are made. ğŸŒ³
ğŸ’¦ They learn causal relationships, connecting cause and effect in a mathematically consistent way. ğŸ”„

In essence, Liquid Networks present a new, compact, interpretable, and causal model for machine learning that's showing great promise in generalizing under heavy distribution shifts. 

The future of AI looks promising with innovations like these. Let's continue to push the boundaries and unlock AI's full potential! ğŸ’ª

#LiquidNetworks #innovation #data #ai #future #challenges",1729,#LiquidNetworks #innovation #data #ai #future #challenges,6,"ğŸ”¥, ğŸ’¦, ğŸ”¥, ğŸ”¥, ğŸ”¥, ğŸ’¦, ğŸ¯, ğŸ’¦, ğŸŒ³, ğŸ’¦, ğŸ”„, ğŸ’ª",12,,0,Daniela Rus,[],Image,,,,https://media.licdn.com/dms/image/D4E22AQGE2q70T2-QOw/feedshare-shrink_2048_1536/0/1689194513430?e=1695254400&v=beta&t=ocNtG8AeAfWP-lWzs0c0LTu5Yf6RAsua66Z7f-DEbag,,,,https://www.linkedin.com/feed/update/urn:li:activity:7084995311349198848,7378,8,38,2,0.0062,2023-08-15 13:29:04
7084639049709150210,dXJuOmxpOmFjdGl2aXR5OjcwODQ2MzkwNDk3MDkxNTAyMTAtMTY4OTEwOTU3NTY2Mg==,2023-07-11 23:06:15+0200,JÃ©rÃ©my Ravenel,https://www.linkedin.com/in/ACoAAAJHE7sB5OxuKHuzguZ9L6lfDHqw--cdnJg,1mo â€¢,"Self-Service Analytics does not work, it's about collaboration, not isolation. Can ChatGPT code interpreter plugin change that? ","Self-Service Analytics does not work, it's about collaboration, not isolation. Can ChatGPT code interpreter plugin change that? 

Self-Service Analytics does not work, and most people who tried it, know it. People cannot play the data producer role and the data consumer role at the same time.

This brings to light a common misconception in the realm of data analytics: the expectation that individuals can seamlessly switch between data production and consumption roles. When organisation do this, they often overlook the complexity of each function.

At Naas, we view this differently. We believe the key to effective analytics isn't about individuals juggling multiple roles, but rather about speeding up the time to insights and fostering efficient collaboration between data producers and consumers.

Data producers are experts in generating and managing data. 
They need tools to make the data speak to an audience, with or without code, the tools they use all have a learning curve.

Data consumers are skilled at interpreting this data to drive decision-making. They don't need tools, they need timely, contextual insights. 

The magic happens when we bridge the gap between these two roles, enabling a smooth, quick transition from data production to consumption. This accelerates the time to insights, leading to quicker, data-driven decisions.

Now, imagine a world where you could just send your Excel spreadsheet to an AI like ChatGPT like what is proposed by their new plugin Code Interpreter. Will that AI plugin ever be as good as the data producer that worked on the data, know where it comes from, can assess its quality and biases, can understand the business story behind it? 

I'm not sure. 
But I can change my mind, and would love to share thoughts.ğŸ˜…
#dataanalytics  #collaboration  #dataliteracy  #impact #ai #naas",1820,#dataanalytics #collaboration #dataliteracy #impact #ai #naas,6,ğŸ˜…,1,,0,,,Image,,,,https://media.licdn.com/dms/image/D4E22AQHQ9EU9xMaERQ/feedshare-shrink_2048_1536/0/1689109574343?e=1695254400&v=beta&t=KZc7ua2IjnBj_kSrubGrwOAX7oj_zWEvh4cO5MA3xQQ,,,,https://www.linkedin.com/feed/update/urn:li:activity:7084639049709150210,1395,7,16,1,0.0165,2023-08-15 13:29:13
7084267579065692160,dXJuOmxpOmFjdGl2aXR5OjcwODQyNjc1NzkwNjU2OTIxNjAtMTY4OTAyMTAxMDE1Mg==,2023-07-10 22:30:10+0200,JÃ©rÃ©my Ravenel,https://www.linkedin.com/in/ACoAAAJHE7sB5OxuKHuzguZ9L6lfDHqw--cdnJg,1mo â€¢,"ğŸ«  Did you see that ChatGPT, the AI rockstar from Microsoft and OpenAI, no longer looks like it will keep growing? ","ğŸ«  Did you see that ChatGPT, the AI rockstar from Microsoft and OpenAI, no longer looks like it will keep growing? 

This could be due to a few factors. It's summer, so a seasonal dip in all internet traffic is expected. Or perhaps, the early-adopters of ChatGPT have peaked. Is it also possible that the novelty of ChatGPT is wearing off and it's not as viral as initially thought?

I believe the technology behind it, the Transformers model, is as revolutionary as the invention of the combustion engine. But like any emerging tech, it's in a crowded market and still has some growing pains, the biggest in my opinion is security concerns + integration in your business workflows (and I don't think the recent launch of code interpreter is going to change that)

For businesses looking to leverage AI, it's crucial to approach it strategically. It's not about chasing the latest trend, but making calculated, incremental steps towards ambitious AI goals. 

AI is a complex field, full of potential for both revenue and cost savings. But it requires a forward-looking strategy and careful decision-making.

Are you using ChatGPT in your business tasks? Do you face any difficulties using it? Do you see this as a temporary dip or a sign of what's to come in the AI landscape? I'd love to hear your thoughts! 
#chatgpt  #ai  #chatbot  #microsoft  #tech #strategy ",1351,#chatgpt #ai #chatbot #microsoft #tech #strategy,6,ğŸ« ,1,,0,,,Image,,,,https://media.licdn.com/dms/image/D4E22AQFwi7NWBNdCTw/feedshare-shrink_2048_1536/0/1689021007908?e=1695254400&v=beta&t=nrBcP9lYb7PQDaby-nfaXa_hjLD05KftW-TSohC4TBI,,,,https://www.linkedin.com/feed/update/urn:li:activity:7084267579065692160,11043,20,41,1,0.0055,2023-08-15 13:29:22
7083162446349115393,dXJuOmxpOmFjdGl2aXR5OjcwODMxNjI0NDYzNDkxMTUzOTMtMTY4ODc1NzUyNTk4Ng==,2023-07-07 21:18:45+0200,JÃ©rÃ©my Ravenel,https://www.linkedin.com/in/ACoAAAJHE7sB5OxuKHuzguZ9L6lfDHqw--cdnJg,1mo â€¢,"If you donâ€™t follow ğŸ¯ Mark Freeman II  you probably did not see his awesome post about the buzz around 'data producer' and 'data consumer, so let me introduce the concept here and why itâ€™s important: ","If you donâ€™t follow ğŸ¯ Mark Freeman II  you probably did not see his awesome post about the buzz around 'data producer' and 'data consumer, so let me introduce the concept here and why itâ€™s important: 

ğŸš¨Data producers and consumers are not so much job titles, but roles within the data lifecycle. They represent the stages where data is either supplied or utilized.

ğŸ”¥Take a data engineer, for example. They act as a data consumer when they process ingested third-party data. However, they become a data producer when they develop an ETL pipeline that ends up in a data warehouse for analysts.

ğŸ¤¯ Why is this shift in terminology making waves? It's because it simplifies our understanding of data roles and their responsibilities. It brings back polarity some time you send, sometime you receive. 

â˜€ï¸By adopting this language, we can focus on how we use data to solve business problems, irrespective of the specific role of the data practitioner.

ğŸŒ Moreover, this terminology is more inclusive. It removes the unnecessary burden of fancy job titles and emphasizes the value each person brings in the data journey.

Donâ€™t forget to follow ğŸ¯ Mark Freeman II  âœ…


PS: the image has nothing to do with the subject made me think about transformation, power, the ability to change one's body in order to tap into greater stores of energy, strength and speed. This is what changing the terminology can do!

#data #dataengineering #datascience #inclusivity #midjourney",1445,#data #dataengineering #datascience #inclusivity #midjourney,5,"ğŸ¯, ğŸš¨, ğŸ”¥, ğŸ¤¯, â˜€ï¸, ğŸŒ, ğŸ¯, âœ…",8,,0,"ğŸ¯ Mark Freeman II, ğŸ¯ Mark Freeman II",[],Image,,,,https://media.licdn.com/dms/image/D4E22AQETOsyH4FaUaQ/feedshare-shrink_2048_1536/0/1688757524592?e=1695254400&v=beta&t=6frHPn12E_J1oNMve9WJE083LNgbAlckWlEDkYywbLM,,,,https://www.linkedin.com/feed/update/urn:li:activity:7083162446349115393,5394,10,33,0,0.008,2023-08-15 13:29:30